章节,章节名,url
1,惊天地美猴王出世,https://www.guoxuemeng.com/guoxue/520267.html
2,闹龙宫刁石猴借宝,https://www.guoxuemeng.com/guoxue/520271.html
3,齐天大圣大闹天宫,https://www.guoxuemeng.com/guoxue/520275.html
4,五行山从师取真经,https://www.guoxuemeng.com/guoxue/520279.html
5,应愁涧白龙马收缰,https://www.guoxuemeng.com/guoxue/520283.html
6,观音院斗宝失袈裟,https://www.guoxuemeng.com/guoxue/520287.html
7,高老庄唐僧收八戒,https://www.guoxuemeng.com/guoxue/520291.html
8,黄风洞唐三藏有难,https://www.guoxuemeng.com/guoxue/520295.html
9,流沙河沙和尚拜师,https://www.guoxuemeng.com/guoxue/520299.html
10,试禅心八戒撞天婚,https://www.guoxuemeng.com/guoxue/520303.html
11,五庄观偷吃人参果,https://www.guoxuemeng.com/guoxue/520307.html
12,孙悟空三打白骨精,https://www.guoxuemeng.com/guoxue/520311.html
13,宝象国除怪救公主,https://www.guoxuemeng.com/guoxue/520315.html
14,平顶山孙行者窃宝,https://www.guoxuemeng.com/guoxue/520319.html
15,乌鸡国金丹救故主,https://www.guoxuemeng.com/guoxue/520323.html
16,火云洞菩萨收红孩,https://www.guoxuemeng.com/guoxue/520327.html
17,龙太子黑河战鼍妖,https://www.guoxuemeng.com/guoxue/520331.html
18,车迟国斗法除三妖,https://www.guoxuemeng.com/guoxue/520335.html
19,通天河观音现鱼篮,https://www.guoxuemeng.com/guoxue/520339.html
20,金兜洞老君收青牛,https://www.guoxuemeng.com/guoxue/520343.html
21,女儿国唐三藏奇遇,https://www.guoxuemeng.com/guoxue/520347.html
22,如来巧识真假猴王,https://www.guoxuemeng.com/guoxue/520351.html
23,孙悟空三调芭蕉扇,https://www.guoxuemeng.com/guoxue/520355.html
24,金光寺扫塔追佛宝,https://www.guoxuemeng.com/guoxue/520359.html
25,小雷音弥勒擒黄眉,https://www.guoxuemeng.com/guoxue/520362.html
26,七绝山猪八戒立功,https://www.guoxuemeng.com/guoxue/520364.html
27,麒麟山巧盗紫金铃,https://www.guoxuemeng.com/guoxue/520367.html
28,盘丝洞棒打蜘蛛精,https://www.guoxuemeng.com/guoxue/520370.html
29,狮驼岭神僧战魔王,https://www.guoxuemeng.com/guoxue/520373.html
30,比丘国降妖救群童,https://www.guoxuemeng.com/guoxue/520376.html
31,孙悟空三进无底洞,https://www.guoxuemeng.com/guoxue/520379.html
32,灭法国弄神劝君王,https://www.guoxuemeng.com/guoxue/520382.html
33,师兄弟大战连环洞,https://www.guoxuemeng.com/guoxue/520385.html
34,凤仙郡城祈雨救民,https://www.guoxuemeng.com/guoxue/520388.html
35,玉华县收徒服狮怪,https://www.guoxuemeng.com/guoxue/520391.html
36,金平府观灯遇犀牛,https://www.guoxuemeng.com/guoxue/520394.html
37,天竺国招亲逢玉兔,https://www.guoxuemeng.com/guoxue/520396.html
38,寇员外喜待圣唐僧,https://www.guoxuemeng.com/guoxue/520398.html
39,雷音寺如来赐真经,https://www.guoxuemeng.com/guoxue/520400.html